1,leonard.rogahn@hagenes.org,71596 Eden Route,Connellymouth,LA,98872-9105
2,ruben_nikolaus@kreiger.com,876 Kemmer Cove,East Luellatown,AL,21362
3,edison.mclaughlin@hyattjohns.co,96807 Cartwright Points,North Casper,MT,29547
4,cameron_kozey@littlejenkins.net,24030 Mariah Ranch,Wolfbury,TN,41203-5262
5,kathryn@lindcasper.net,995 Harris Track,Ryanborough,HI,67820
6,florence@pollich.info,6694 Emard Parks,Mantemouth,MI,29505-3043
7,briana_hilll@wilderman.co,683 Carissa Road,Croninport,MN,38010
8,jey@cruickshankcronin.org,93968 Elissa Greens,East Garnet,WY,96410-6413
9,benny@rohan.net,66809 Lydia Manor,Lake Matilde,MN,51428
10,elisabeth.smith@thiel.io,1520 Velda Spring,North Shannonmouth,MA,32144-9296
11,kristina@cormier.info,4791 Taurean Fork,Cheyenneburgh,CO,60118-6120
12,amy_sawayn@schmeler.co,76633 Auer Field,Port Philipshire,VT,13135-4091
13,sim@wyman.name,4197 Schuster Points,Lebsackshire,NH,13687-5985
14,tanya@williamson.name,73239 Larkin Rapids,Port Bailey,MN,14817-1935
15,bria_anderson@kub.io,430 Herzog Rest,East Lonie,DE,44921
16,hailey.wintheiser@kingjast.info,53938 Justice Highway,Kovacekchester,KY,43665
17,darren.fisher@thompsonstiedemann.info,52428 Drew Tunnel,South Kristianview,MN,76576-0187
18,larue@wisoky.name,28535 Orn Causeway,North Teaganchester,DE,17483
19,cyril@zboncak.io,6418 Strosin Locks,South Murl,VA,47061-3891
20,jerry@ferry.com,90842 Amani Common,Weissnatfurt,TX,24108
21,madalyn.nolan@weber.org,2289 Hammes Knolls,New Leonora,NY,17239
22,kathleen@schroeder.com,45761 Eleanora Court,Runolfsdottirmouth,ND,52543
23,kiara_powlowski@mohr.info,1504 Blaise Circle,South Mozelleton,AL,16911-7631
24,elbert.walter@gutkowski.org,279 Prosacco Prairie,East Keon,MD,77562-3999
25,summer@casper.io,66255 D'Amore Parkway,New Garettport,MO,57138
26,dario@medhurstwiegand.org,81084 April Fords,Mauriciochester,AL,23709-0144
27,ivory@ward.org,241 Jakubowski Court,Presleyberg,SC,82959-5645
28,jaden@emmerich.co,851 Ferry Mountains,Kristyhaven,IA,30352
29,sister@mertz.co,943 Rasheed Walks,Port Kara,AK,79531
30,danyka@powlowskiohara.org,225 Evangeline Harbors,South Jaidentown,MA,49867
31,francesco@kemmer.org,562 Kirlin Islands,Kassulkeshire,LA,11774
32,raegan_beer@rogahnswaniawski.name,76220 Bode Track,Port Cierra,DE,56020
33,adam@altenwerth.com,7341 Swift Meadow,New Fernandobury,ID,10057-6357
34,kaia.oreilly@quitzon.biz,6905 Gottlieb Squares,Port Monte,ME,38869-5353
35,rogers_koelpin@oconnell.org,7513 Kaylee Summit,Uptonhaven,DE,64529-2614
